Page URL,Ratio,Discovered
https://mahadevbooks.today/,0.07,13 Sep 2026 (13:18 UTC)
https://mahadevbooks.today/about-us/,0.05,13 Sep 2026 (13:18 UTC)
https://mahadevbooks.today/blog/,0.04,13 Sep 2026 (13:18 UTC)
https://mahadevbooks.today/blog/how-live-cricket-betting-odds-work/,0.05,13 Sep 2026 (13:18 UTC)
https://mahadevbooks.today/blog/how-to-use-mahadev-book-id-for-ipl-betting-step-by-step-guide/,0.06,13 Sep 2026 (13:18 UTC)
https://mahadevbooks.today/blog/ipl-betting-terms-explained/,0.05,13 Sep 2026 (13:18 UTC)
https://mahadevbooks.today/blog/start-your-ipl-fantasy-cricket-journey-with-mahadev-book/,0.06,13 Sep 2026 (13:18 UTC)
https://mahadevbooks.today/blog/upi-payment-safety-guide/,0.06,13 Sep 2026 (13:18 UTC)
https://mahadevbooks.today/cricket-betting-guide/,0.05,13 Sep 2026 (13:18 UTC)
https://mahadevbooks.today/faqs/,0.04,13 Sep 2026 (13:18 UTC)
https://mahadevbooks.today/ipl-betting-guide/,0.06,13 Sep 2026 (13:18 UTC)
https://mahadevbooks.today/mahadev-book-online/,0.06,13 Sep 2026 (13:18 UTC)
https://mahadevbooks.today/odds-calculator-guide/,0.05,13 Sep 2026 (13:18 UTC)
https://mahadevbooks.today/online-cricket-id/,0.04,13 Sep 2026 (13:18 UTC)
https://mahadevbooks.today/privacy-policy/,0.05,13 Sep 2026 (13:18 UTC)
https://mahadevbooks.today/responsible-gaming/,0.05,13 Sep 2026 (13:18 UTC)
https://mahadevbooks.today/t20-cricket-stats/,0.05,13 Sep 2026 (13:18 UTC)
https://mahadevbooks.today/terms-and-conditions/,0.07,13 Sep 2026 (13:18 UTC)
https://mahadevbooks.today/upi-payment-guide/,0.05,13 Sep 2026 (13:18 UTC)
